,data_type,predicted1,predicted2,mutual
0,twitter,0.8721652150285721,0.8390365739659478,0.9327977668918604
1,movie_reviews,0.42754902872861605,0.46896718327705533,0.8503487362043755
2,editorial_snippets,0.5028641789352349,0.5467973665411339,0.7696161169173196
3,amazon_reviews,0.5918277895925607,0.589119447618705,0.8354965371465501
