,data_type,predicted1,predicted2,mutual
0,twitter,0.8721652150285721,0.7863205154325654,0.8258662526469728
1,movie_reviews,0.42754902872861605,0.45886254522876174,0.6727127972041376
2,editorial_snippets,0.5028641789352349,0.5146217011313027,0.5621869612282611
3,amazon_reviews,0.5918277895925607,0.5517847201064521,0.6801406752034599
